x1,x2,y
-0.20565324463741652,0.8251357530732625,0.0
0.9232278906984897,0.21403714245238203,1.0
-0.009048971193706845,-0.2066955254960557,1.0
0.3737551392301684,-0.30747022973866384,1.0
-0.37843619579983856,-0.04000213739546599,1.0
0.3279919585529099,-0.31596518081395236,1.0
0.4500761133188385,-0.04166576963005223,0.0
0.9667589872929587,0.27860169650210886,1.0
0.5509913513388444,0.15142394315628252,1.0
0.7448291508597171,0.2644970056443547,1.0
0.6830889771823294,-0.1292465821165728,1.0
0.6500174713805942,-0.12226680283199066,1.0
1.4707980409079024,-0.2942441985331018,1.0
0.4520656375009573,-0.33148160294673973,1.0
0.5633554084197154,0.2557954056732922,0.0
0.602535301090162,0.2140992021212131,1.0
0.5473822379502681,0.3065210232821716,0.0
-0.1256970177895258,0.14506502306521607,0.0
0.3347216186441335,0.003294386935667752,0.0
0.1588916077832761,0.11923570830628126,0.0
0.4981678561212963,0.07922581870252692,1.0
1.0031080417128981,0.09592954583059184,1.0
0.5170255374428989,-0.09226552377770793,1.0
0.4333196933662175,-0.08164360261392002,0.0
0.696734066164646,-0.12651588079388731,1.0
0.3498154753312537,0.9462062905950822,0.0
0.8051251525920177,0.023596344494965168,1.0
0.6098898182115078,0.1116335104462207,0.0
0.46812507870510467,0.524528056497443,0.0
0.2973318046001515,0.35854248247056364,0.0
0.24677454587148095,-0.03237814714294145,0.0
0.4993796553136816,0.4641267855241517,0.0
0.1025715925898113,-0.3575677444166957,1.0
0.2799809592006966,0.13221433390570128,0.0
0.5808770828859757,-0.43166619703920966,1.0
0.9897163561842501,0.020670554068989707,1.0
0.599407211765675,-0.2512130916818438,1.0
-0.06070613570942662,-0.33575601537461336,1.0
0.8639148963755235,0.20374423594109375,1.0
-0.30849702404400836,0.541907291203915,0.0
0.467192596882905,0.4913233101965667,0.0
-0.029482203808921748,-0.2377107399949626,1.0
0.644918150755624,0.2835049555731963,0.0
-0.6072872721928821,-0.13955541213373893,0.0
0.8352469055986611,-0.7270315489595455,1.0
0.18260463941289284,-0.6291882635012097,1.0
-0.13525977890108343,0.09597632480259748,0.0
0.428985818572147,-0.25775984921596334,1.0
0.5636803716895548,0.4212807982480397,0.0
0.22713909857723952,0.09318910907774693,0.0
0.5611883392109993,0.11583708294972252,0.0
0.6344761073007112,0.005721573357444961,1.0
-0.0836121340773407,0.3004966565109511,0.0
1.0532165232698087,-0.10553484316433613,1.0
1.6639071965901748,0.48939420948025647,1.0
0.6440887786934264,0.24749118962962635,1.0
-0.7417553691460785,0.5721905981014794,0.0
-0.09916840768990387,0.07597493722362865,0.0
1.104123909640579,0.11065660528611371,1.0
0.3436408503003091,0.28998852592907465,0.0
0.01606952373498227,0.26303401120632625,0.0
0.570225989673762,0.0630346317672477,0.0
0.5998326457812868,-0.5492805645433888,1.0
0.8834725964500869,0.08634543835273385,1.0
0.09965147449399858,-0.11742033441371158,0.0
0.3107222693375573,-0.09066752195790305,1.0
0.9559073063543873,0.34279129006246173,1.0
-0.46865915792318646,-0.09357760065930334,0.0
0.3221049485348788,-0.008714552465509395,0.0
0.5270559883178313,-0.12495836715278935,1.0
-0.35069994454898334,-0.15062032247523807,1.0
1.2487594750387525,0.014546978574577119,1.0
0.686478992740846,0.3470733883750731,0.0
0.7901907063200395,-0.2646619662441824,1.0
0.24839835975782038,0.22737962536151668,0.0
0.5381898188810965,0.16201657531042243,0.0
1.4050957561954731,0.241683997054502,1.0
0.46850901539744105,0.11452208303188684,0.0
-0.09150023364909865,0.3986421652145501,0.0
1.3790886627342098,-0.002748709688864416,1.0
1.0884962276764978,0.18088864657225678,1.0
0.6696139780728637,0.8154692072168152,0.0
0.22291136550358004,-0.018148168591838564,0.0
0.43871124926902666,0.02699142604224894,1.0
0.09887219903140054,-0.33657744264659517,1.0
0.2980073686129985,-0.2302816858578453,1.0
1.8275394070046103,-0.22624968914235385,1.0
0.13704843317782317,-0.14258896286745695,1.0
0.361161550913228,-0.2162468984154682,1.0
0.277217532554458,0.1491504761635866,0.0
0.36320352512612303,-0.08475666114418032,0.0
0.6871361734818292,0.04069613965116561,1.0
-0.25802526088545996,0.15726586445486399,0.0
-0.09384778226822599,-0.24955828643468625,1.0
-0.12708283197516101,0.12577562572752332,0.0
0.9733719589006313,-0.5337097462169429,1.0
1.0523296347980646,-0.2329224095085247,1.0
0.042640345049895834,0.12084948255276247,0.0
0.7557479391253277,0.14803915071823628,1.0
0.5644563533019932,0.3738611930028908,0.0
0.6477438874556668,-0.11724393922666539,1.0
0.6967301295989183,-0.4120789841869088,1.0
0.4782617830106295,0.09190421586554172,0.0
0.6840440867689033,0.09087760678494913,1.0
0.6659078143578817,-0.23680759844023552,1.0
0.7693926188503115,-0.25186432594569746,1.0
0.4444181154353315,0.15647421462278296,0.0
0.15931264965267034,0.2768747122261202,0.0
0.20517466371098303,0.25042074334444486,0.0
0.732625257245396,0.182607222483843,1.0
0.6395540577455887,0.017067314930389037,1.0
-0.2527857552555346,-0.5362317282153308,1.0
0.2566833475248239,-0.6060266478138044,1.0
0.2829439861776606,-0.13494043740206088,1.0
0.10098830813027404,0.28150450714308173,0.0
0.4232090675768641,-0.6278086796314378,1.0
0.8667365767983879,-0.37795874148758923,1.0
0.12304662372969388,0.20068915431459464,0.0
0.6803941667021038,0.27581042518984694,0.0
0.012294945898252196,-0.4859525608817651,1.0
0.7794576260934973,-0.061954249421661334,1.0
-0.701715702256174,0.4196418045379711,0.0
0.4194553691202884,0.27977452860341123,0.0
-0.13596082478160476,-0.18249057590145754,1.0
0.5877958400173838,0.0032013323483891837,0.0
1.4582204581955236,-0.2670859990171699,1.0
0.18418163795232767,0.08767310536093924,0.0
1.4517825242916524,-0.17295339834122922,1.0
1.469563273371853,-0.28542317818949087,1.0
-0.229633360902465,0.7083954232118981,0.0
0.3126619525711681,-0.20160978953937947,1.0
0.20320801057714621,-0.1889262903069661,1.0
0.5262232984370167,0.0980652174608063,0.0
0.14387114914671062,-0.5656694729450983,1.0
0.49872255679971933,0.017618381892236887,1.0
0.7340412361472318,0.3418629399226488,1.0
0.5042950318507382,0.4795295454602797,0.0
0.7993550905046829,-0.1777066595272793,1.0
0.27928826948511887,0.052820406774141966,0.0
0.883730947818493,-0.2845368577913143,1.0
-0.010778960023837603,-0.3530684094849746,1.0
1.396746282518155,0.09522502331123661,1.0
0.4936197084559109,0.38465878274866766,0.0
0.25197270784146897,0.6922460979206081,0.0
0.28531626912596153,0.40272553239736,0.0
0.9231061501815608,-0.04117018432730691,1.0
0.1298683269983178,-0.0134856654511656,0.0
-0.26445319650106625,0.35574942482211364,0.0
0.18853138853437473,-0.22563256004536802,1.0
0.9022394347936726,0.06882512774172436,1.0
1.4592846824240082,-0.13511201199079473,1.0
1.3650106712151844,-0.2282755444821845,1.0
0.64186891569691,-0.0676631305982368,1.0
-0.021999432237337357,-0.03174948940358872,0.0
0.830277167958949,-0.029082196101629952,1.0
0.21337887686439078,0.37177840406087204,0.0
1.1843575640915156,-0.06184265451907134,1.0
1.122053228137437,-0.1305367307135681,1.0
0.5230730518523683,-0.20178441052182128,0.0
0.6996202736734997,0.38447980006376764,0.0
0.19938007837354194,-0.4144009010902741,1.0
0.37464158602494735,-0.26968043145562753,1.0
0.07785243403768083,-0.14806282420815753,0.0
0.3893510730333403,-0.15942493096143742,1.0
0.7671643806491706,-0.23013736494888315,1.0
0.9434305698876881,-0.6476812642911988,1.0
0.49107429377525236,0.002472085271191353,1.0
-0.6168898072225402,0.2368600322805718,0.0
0.8655945725646933,0.3162412769778229,1.0
0.24665512804203799,0.8737461623097844,0.0
1.4094416397327998,-0.0030134992845379993,1.0
0.640131397912775,-0.5655005259171455,1.0
0.1845029199065567,-0.4276376066670003,1.0
0.2672527129332175,-0.20411014962227655,1.0
0.5573758284113342,-0.3196179537574631,1.0
1.1475472348505957,-0.1894470185467911,1.0
0.23354980540136577,-0.1837207228965191,1.0
0.9117949980309079,0.040975334467440956,1.0
0.45465537277629064,0.32064372247966116,0.0
0.2399439397018464,0.04758866109552009,1.0
0.5903057384396546,-0.24452495185712747,1.0
-0.50045256573347,-0.08934917078953296,1.0
0.913779620420208,0.31401521126589726,1.0
1.3078552070090415,0.17778032672848462,1.0
0.43698401724168423,0.3384295079868486,0.0
0.6948679598348517,0.25919498015716685,0.0
-0.005969346613181714,0.061423209919992644,0.0
0.5495321012191549,0.19986979189250612,0.0
-0.1709227772944234,-0.23794281980501897,1.0
0.09032696973344245,0.077366664512885,0.0
0.24975526802680664,-0.07612955518514745,0.0
0.3107135900843566,0.07248229394672424,0.0
0.717344494679423,-0.03463842042644097,1.0
1.8054060750091148,-0.18374821309957728,1.0
0.5009408356404251,-0.3946286319246404,1.0
0.534420756942719,0.08359441498776593,1.0
0.5296314423072295,0.04660687358756055,0.0
-0.044818512325522364,-0.15738986834717636,1.0
1.08349832413183,-0.027106465952548033,1.0
0.6119672768852304,-0.45260324905448096,1.0
0.2809371553201907,0.5310934079198344,0.0
0.7442124875559051,0.21262728132288441,1.0
-0.17979763916056368,-0.509056857831247,1.0
-0.3469333323538295,0.3268669502448583,0.0
1.4807211260361317,0.14307939184863463,1.0
0.27012502015917594,-0.11241848788690022,1.0
0.5403568846863614,0.009424126910115597,1.0
0.9384716833328541,0.2860533629778133,1.0
0.559757489021201,-0.4479832497853981,1.0
0.31447692705649866,0.032653702175470235,0.0
1.7856204064991557,0.03635080120084143,1.0
0.6937665226699323,-0.5822561110439987,1.0
0.7837503694994599,-0.5103505975371738,1.0
0.7663411556621229,0.23741390311577,1.0
0.6610892459226692,-0.19518318026820494,1.0
1.0785742664530105,-0.08843463528459126,1.0
0.6744378950027853,-0.4972466490705838,1.0
0.7108504883306358,-0.3154323768347288,1.0
0.05418648310933605,-0.2459944013226277,1.0
0.3646512204610891,-0.11277568083007877,1.0
0.7256547352724392,-0.6070276469870381,1.0
0.24764341345982355,-0.1252091410733646,1.0
0.43291071311114254,-0.20757964289192044,1.0
0.8759752141603125,0.15487294989597647,1.0
0.6042390777947972,0.2355680841057689,0.0
0.19836637103813903,0.13772720132788743,0.0
0.8153640834853784,-0.2180597791061523,1.0
0.2622666427570085,0.3182714437790796,0.0
-0.3768173892787371,0.02618833333105079,0.0
0.8855199669036127,0.2177858746775162,1.0
0.7059883810461043,0.6084460140147302,0.0
0.47405085223485904,0.5545300663846138,0.0
0.3711861389565476,-0.2799242362404139,1.0
0.2592999989718061,0.5050959436345113,0.0
0.9076819041526991,-0.02383393561952123,1.0
0.05028311582027217,-0.030127352024393705,1.0
0.1486783377342572,-0.265712032212494,1.0
0.15911326925098962,0.038925441662815086,0.0
0.7275272468032086,-0.10426430362313348,1.0
-0.28100733916248277,0.028405782843914772,0.0
1.0560111231332403,-0.3480316251813345,1.0
0.3963516887826966,0.07539442908792203,0.0
0.6402529722342585,-0.021885505111693227,1.0
0.5767378033109329,-0.39043633998905636,1.0
0.5615181771710223,-0.2065303547321093,1.0
1.14524808305132,-0.6286764951523081,1.0
-0.4748548692309196,-0.0925808144068533,0.0
0.012462172105312308,-0.40826111060239656,1.0
0.2293295309876719,-0.04804354875064095,0.0
0.532476816661415,-0.07206019550987694,1.0
0.5289492885843733,-0.11598443284074293,0.0
0.8178676151017794,-0.08901276194698857,1.0
0.9279265171313551,0.2917820562654941,1.0
0.13258338907019745,0.12849594573201598,0.0
1.3555742914653002,0.042782575705036276,1.0
0.5770963968990316,0.1970122550334301,0.0
0.39484157113781254,0.2560867102261878,0.0
0.4869635949412711,0.21741158838782318,0.0
0.5110342889984191,0.062337325198393335,0.0
0.6928303699510536,-0.29113423106121533,1.0
-0.33810701038514757,0.20896822747393437,0.0
-0.18679261092264787,0.2476211934667994,0.0
-0.1448618101738267,-0.1303921051253365,1.0
0.05431479338075179,-0.13663881419864923,0.0
0.803659071855646,0.06704812599484616,1.0
0.7522132745641494,-0.12705851158853596,1.0
0.6071302252078236,-0.1157343809580425,1.0
0.34599505684733134,0.6800124706624467,0.0
-0.6053450586708029,-0.6048229342522194,1.0
0.23148397012997907,0.10915511208215797,0.0
1.2821198213662666,0.6480322240045103,1.0
-0.15545150553876896,0.24424272249712964,0.0
0.9650785356317642,-0.37665755668173917,1.0
0.08740266212416092,-0.14144722924477454,1.0
1.1577987455487984,0.4472272539480021,1.0
0.24673832061567635,0.3535100572986424,0.0
0.837602068551397,-0.37416919629246753,1.0
0.7603419888098134,0.30739865789573806,1.0
0.1800710902653962,0.7084479010475092,0.0
1.053357871279326,-0.21075989204925116,1.0
0.20385625532805235,0.21090695405507717,0.0
0.826539694232174,-0.16834059113846947,1.0
-0.3700763184189927,-0.4149893260846525,1.0
-0.44153948584121605,0.07947604517873354,0.0
0.29460949837491673,0.014396967041742283,0.0
0.2047397458691207,0.13587949879348216,0.0
0.09771272540025056,0.022768838930829444,0.0
0.40372900631514885,-0.2381051325617392,1.0
0.7330350409098961,-0.010675562654391397,1.0
0.33826607373901785,0.2817996751251791,0.0
0.9973987426041414,0.3814903517892602,1.0
1.1026353793667107,-0.18775417752932308,1.0
-0.4824740116050874,-0.28995027159915066,1.0
0.9488360952911641,0.29061819568596753,1.0
0.19357713648408886,-0.04495067579114155,1.0
0.8997297086421264,-0.38338923912647116,1.0
1.1927225824245067,-0.0859461889696699,1.0
0.9285843529080098,-0.16971719232397267,1.0
0.10694801154678929,0.1560625213213298,0.0
1.5439275287297012,0.24333257773962302,1.0
0.6505293929638387,0.42310258465902856,0.0
0.8289514899289133,0.21365710815455574,1.0
1.5711708017622263,-0.13968038633438545,1.0
0.7384058264387897,-0.6408079255493168,1.0
0.39202400606399224,-0.4112389267067293,1.0
0.39453287321241304,-0.11844136054811556,1.0
0.11566272409085543,0.29180157376530935,0.0
0.892781735906673,0.27937593341044503,1.0
0.7525287746850591,-0.46329056726919654,1.0
0.33494460687672123,0.04690292426451114,0.0
0.8275411124730017,0.05566366572647134,1.0
0.9390916194151112,-0.1637228926081984,1.0
0.8907048688927556,0.12968183850029866,1.0
0.6706895146642579,-0.4674483770807049,1.0
-0.4187214814097655,-0.49108819470295506,1.0
1.0927559729203271,-0.11188749422402741,1.0
0.10381586784040903,-0.8745686991077483,1.0
1.1896429385269067,0.1472366821732382,1.0
-0.22049204024475477,-0.3265178136747641,1.0
0.90148210219957,0.4381751353709697,1.0
0.17283472119892174,0.06615098086125848,0.0
0.1816187716876585,-0.09132410312174753,0.0
0.4160265453080234,0.02742265964845344,1.0
0.11808241667548902,1.0361910566065817,0.0
0.10930150515706877,0.3416927027981539,0.0
-0.17682320648798466,0.021388446465465873,0.0
0.12779123545230875,0.12256323191554504,0.0
0.006350203870318094,-0.1857317656053264,0.0
0.2863863244747321,-0.3245084281448138,1.0
1.091726196631894,0.3365406878215106,1.0
0.8692172005613564,-0.322283162827526,1.0
0.41877222695252303,-0.12593817169385962,1.0
-0.08940730606947866,0.3552875614040885,0.0
0.6538941457822632,0.3695904244515675,0.0
0.13588354723554352,-0.14049770942292975,1.0
0.024468393414364187,-0.279962629158185,0.0
0.3556480039337254,0.06331973827397906,0.0
0.8367332127315223,-0.1991607258508139,1.0
0.4725525456021077,0.2883766567535111,0.0
1.1152268180014757,-0.019959022386574526,1.0
0.7635138912388942,-0.005275525542408651,1.0
1.3397109590424519,-0.014988140566100747,1.0
1.5105917430474582,-0.08146699491099639,1.0
0.3914805405621784,0.05786133374617505,0.0
0.4585353864094707,-0.6484445933985422,1.0
0.5777704922942075,0.05999473886668187,0.0
0.8960841191821214,0.036644755193530165,1.0
0.9148369003769412,-0.14944786321950382,1.0
0.5769146986602189,-0.03036840690416749,0.0
0.4583068574411506,0.06303084413733233,0.0
0.0033685524514476817,0.016660605210831795,0.0
-0.21725414346482885,0.4357518312270471,0.0
0.553575359098137,-0.0018384777714144768,1.0
0.22713705221891722,0.09752810898162438,0.0
0.20914114317688054,0.0821482715191547,0.0
0.3676989977597497,-0.24537460354721444,1.0
0.5311057132539201,-0.05557780684476799,1.0
0.41542569489925163,0.5241491155065447,0.0
-0.033581417871657804,-0.047154565938695325,0.0
-0.40225636107275353,0.25088858554336213,0.0
-0.06061431124134553,-0.49262716155276537,1.0
-0.05856529580395453,0.0002205820007277796,0.0
0.8646069499450657,-0.5672899827819624,1.0
0.7158748316921179,-0.0006598991554796268,1.0
0.5330907478129056,-0.08423382603018442,1.0
0.5389136789422031,-0.14555893154831132,1.0
-0.5042747882567835,0.1127136217964964,0.0
0.011624073886208008,0.29818297459124427,0.0
0.2245436279224175,-0.394926395372316,1.0
1.2787829685915333,-0.20967186680349031,1.0
-0.11831454298517985,-0.09116936286313264,0.0
0.48382314749391664,0.13348264875440832,0.0
0.2004427093163198,0.40789808783019027,0.0
0.9153114710621667,-0.08634368286875634,1.0
1.1906402589155998,-0.09576367714802711,1.0
0.5763099329120893,-0.3898445072460607,1.0
-0.5324451955592897,0.012120656543719783,0.0
1.235626861808036,-0.44782705437755704,1.0
0.5589596072366443,0.478502776193551,0.0
0.5210048723019158,-0.28063552733892644,1.0
0.4630956503910064,0.34820158073141444,0.0
0.950968156635579,-0.03979589487903196,1.0
0.9027239086061292,0.11153042045059262,1.0
1.0387842325446026,0.2168966420277017,1.0
0.6343686381250099,-0.1328522255280291,1.0
1.0753737737230378,-0.038129302009123775,1.0
1.0032449328640958,0.45230447285256226,1.0
-0.0441209103487179,-0.4131415442462173,1.0
0.5463223954295717,0.014646172728908276,1.0
0.679169500105284,0.17103956355984626,1.0
0.3345917031389616,-0.29162017472560064,1.0
1.029350797809641,-0.26107908841240085,1.0
0.30910231118053977,-0.19601061730482341,1.0
0.4546679314941958,0.19371220909730044,0.0
0.015926505939525715,-0.4509782855004669,1.0
0.1967296020546948,-0.3454669985634701,1.0
0.3322574674563186,0.4932893066169893,0.0
1.1947381384398272,0.15556120825921044,1.0
0.971972128939316,0.8287470203439559,1.0
-0.1378971463765356,-0.2583962795869851,1.0
0.3735727475254047,0.0538489823481428,0.0
0.335329145548974,0.4317870463872779,0.0
0.14965297492502794,0.15407924885886315,0.0
0.7578199534538279,-0.6538628189317466,1.0
0.3572070873275085,0.22210666260854908,0.0
-0.07566737729182793,0.3337943419261035,0.0
0.49736502183392434,-0.004221400051986601,1.0
0.17539431396263444,0.02974927306058513,0.0
0.49263218415249255,-0.03166360419790148,0.0
-0.3587031979266778,-0.5752079490165779,1.0
0.5300392051974923,0.14590416875130616,0.0
0.1675374082751117,-0.2967584733589241,1.0
-0.10022137007246967,0.2539798290353238,0.0
-0.7002303729790822,0.3219796204710694,0.0
-0.8651766267350975,0.3419077384707335,0.0
0.6552124929554997,-0.0925536208390002,1.0
0.5786767025013879,0.07856595361740382,1.0
0.27530295462951004,-0.1403298144670748,0.0
0.6350937844013498,-0.3798354968694129,1.0
-0.486607962946513,0.19127194630033575,0.0
0.9748463211111639,-0.17750685727763374,1.0
0.9159385017646611,0.3074789017695831,1.0
0.8331940961082283,0.20186308280551843,1.0
-0.7219798047344157,0.1432838046989267,0.0
0.33297930068821324,-0.3749906139611735,1.0
0.036943578892004336,-0.3067787325156947,1.0
0.5810590347031872,0.18379813271034318,0.0
-0.1634666972359906,0.04906799030832306,0.0
-0.6614304977259045,0.3783909132107214,0.0
0.8188799818895646,0.5842293605398016,1.0
0.04562017755875403,0.2952427569697482,0.0
1.4933447282812677,-0.29415255522672096,1.0
0.5868525869022178,0.12943736864654976,0.0
0.39557064349097243,-0.11678509273948387,1.0
0.5661713530628046,0.581922559266391,0.0
1.317922085066981,-0.4356546449826256,1.0
0.8954787325529606,-0.19532607707977792,1.0
0.33776041996886363,-0.07241014005037473,1.0
1.333518177248509,-0.23470430981256457,1.0
0.30470709752750924,0.362693043633764,0.0
0.526196304173697,-0.38971252855548727,1.0
0.5359194101425716,-0.03300729946575353,1.0
0.375943087606998,0.018685926004724532,1.0
0.3450456001264002,0.17988513745065474,0.0
0.4238526977803304,-0.20294224366251998,1.0
0.5689880590282222,-0.03716357801823843,1.0
0.2842886098913646,0.3840314149328831,0.0
0.8969900539618318,-0.12376553697889617,1.0
0.18244946745926272,-0.3390505681414182,1.0
-0.06486408674405364,-0.6944409019606682,1.0
0.8113863097862801,-0.5162691591346883,1.0
-0.15265894012906334,-0.15373324308735997,1.0
0.3980390130301583,0.15121185187132682,0.0
-0.017721684727186715,0.16318902466525673,0.0
0.6790396268338049,0.11797749081941085,1.0
0.4200057355882871,-0.07005694225096651,1.0
0.31115864471551,-0.23456174590746942,1.0
1.0174967580512315,0.008265734431616345,1.0
0.04935939826239771,0.05556980909368413,0.0
0.301538105030526,0.5046594055695578,0.0
0.0042264492047485724,0.25804093555999297,0.0
1.060618685648948,0.1655151705491578,1.0
0.7292987292629801,0.0227689842192774,1.0
0.7343821175467923,0.3631577698428336,0.0
0.35511570011474014,0.2607620373092637,0.0
-0.34630114334028006,-0.3083416102272265,1.0
0.7025877896596164,0.10127329649008647,1.0
0.8532551131780883,-0.16839694141233988,1.0
0.15036609409107088,0.026747853686793645,0.0
-0.19402220131521208,-0.21007675212934848,1.0
1.1135436510595995,0.3878636182130958,1.0
0.49910022552831396,-0.19577259112248793,1.0
0.5361407985935369,0.008764314126295948,0.0
0.8566394711062411,-0.36168164419021803,1.0
-0.24931177960332107,-0.2885697756717892,1.0
0.25470597140216705,-0.2083369032585202,1.0
0.5479644530892784,-0.05177498917054127,0.0
-0.17929152104914325,0.3594679831576358,0.0
0.989755641340345,0.037430252639604415,1.0
0.9037958646645812,0.464631045583398,1.0
-0.21428483363229278,0.34782076609399615,0.0
0.9195549812920938,-0.3833792289377242,1.0
0.5547708040710548,-0.1720375826465491,1.0
0.9973460748254457,-0.0769539559016991,1.0
0.8660011278883843,-0.22035044955251584,1.0
0.7465235812422659,0.08665185392731871,1.0
1.713836670922987,0.0353268816673986,1.0
0.6042156268390898,-0.38391331049552446,1.0
1.2166126655934293,-0.051652561829527495,1.0
1.3357263969584086,0.39575380898761103,1.0
-0.7664788038774137,-0.06354215898876356,0.0
0.49019584182544806,-0.4890488867118158,1.0
-0.07434654260560802,-0.17724247303039936,1.0
0.3357157601890782,-0.1465318775998867,1.0
0.8192372312890899,-0.39914702411305386,1.0
0.5734834434263322,-0.6451405426945231,1.0
0.4416492367257088,-0.6263884380737892,1.0
0.8641403643686381,0.5613634022648252,0.0
0.5747109825618769,0.06111531804038906,0.0
1.04930022629827,0.7921517448744726,1.0
0.9414852529644588,0.3193966302439409,1.0
0.8805153864798076,-0.09890409803788897,1.0
0.7080420153041741,-0.016891536094659997,1.0
0.19757744770366575,-0.4027865295438264,1.0
0.16579585936458668,0.39412950030792787,0.0
0.3025537578006425,-0.1953192288712614,1.0
1.4028417818987284,-0.6165475736000336,1.0
-0.05107427732625347,-0.2061481655716708,1.0
-0.21345442799153946,-0.0034409006716248735,0.0
-0.1416946502008103,-0.4597125485370487,1.0
0.47812378528773963,0.4977068679791844,0.0
0.3179060505790231,-0.03275624492104247,0.0
1.5550635939483706,0.067326271602388,1.0
-0.16061010586522584,-0.34070930188883847,1.0
1.1764937138997111,-0.3568553109769636,1.0
0.1592139318781033,0.04520000003220596,0.0
0.016496312349977338,-0.36171160911750044,1.0
0.35941809136022884,0.17787422685249246,0.0
0.8087766549244725,-0.003555235674502322,1.0
0.4162879113632932,-0.2862107332473582,1.0
-0.48570293362789463,0.07724195422266114,0.0
0.6236038689025973,0.3485812073313362,0.0
1.046473106980159,0.2612960763175951,1.0
1.2808697144857712,0.38055461898134496,1.0
0.39564730579022234,-0.07183329125660395,1.0
0.27386504204040363,0.14178674738048316,0.0
0.5799787817818118,-0.11359943492493826,1.0
0.3066791485149982,-0.10582299535023525,1.0
1.2169570189113998,-0.3330683466420557,1.0
0.3147001689643887,0.001827539052601839,1.0
0.15576710843679153,-0.16217798536669914,1.0
0.41517176886646884,-0.07499439208731062,1.0
1.1190668541955797,-0.22068150519046367,1.0
-0.3098905401400167,0.20833719335952902,0.0
0.4674153364357321,0.5977557559960881,0.0
0.8482343638973635,0.0005173371392207511,1.0
0.3892765042667145,-0.2396493817749918,1.0
-0.04655629108600401,-0.17310068896655711,1.0
1.1153302238712666,0.05095226150555305,1.0
0.5786520715179457,0.06077482489331259,1.0
-0.024171215816128244,0.6636504509405113,0.0
0.4535957801997975,-0.2559809521802395,1.0
0.49586441708390594,-0.26461313787249424,1.0
0.31292472785761405,-0.028920500507219254,1.0
1.7605680592305886,0.6793264771983172,1.0
0.6724497791699999,-0.14883486126964662,1.0
0.7077328113092108,-0.1746529554544707,1.0
0.620746836999311,0.28997559003567885,0.0
1.0162406779114785,-0.11820442799776185,1.0
0.19370970083513117,0.10961924532453708,0.0
0.5990701721363969,-0.242510149318658,1.0
0.5580316700380419,-0.2730131724177961,1.0
0.38922010090122106,0.04800908961363311,1.0
-0.28800917669112913,0.43011284294621094,0.0
0.7027776004255017,0.5256554051329894,0.0
0.06031489227316955,0.45962204352655456,0.0
0.4786666004159461,-0.08107005925020988,1.0
0.300901977833576,-0.449262951185359,1.0
0.6933035794388083,-0.2637120270138791,1.0
0.29097226806857757,-0.014306924167642735,0.0
0.35477103744111066,-0.26839070987467,1.0
0.2953469001965652,-0.002567782318982806,0.0
0.26163794242750193,-0.2360047865253987,1.0
0.2607105188375963,0.3749038077249694,0.0
0.8610231188975528,0.23204561542707422,1.0
0.2440238236746572,-0.3224903746158287,1.0
1.0552576405744507,0.5061117416895456,1.0
0.9966429301662323,0.5463709602914476,1.0
-0.6326423583055145,0.2548500281156207,0.0
-0.3417727572531454,0.4817414243481274,0.0
1.3283940195219706,0.33694880787307163,1.0
0.8533446961091038,-0.1837385981607982,1.0
1.6660594389794174,-0.08092915958752565,1.0
-0.38178283791737244,0.14137841388382652,0.0
0.027576336315264516,0.169957626693721,0.0
0.7548547269559716,0.7775164421885802,0.0
0.3422226303802196,-0.4839098705101546,1.0
0.4165119904776664,0.025254210481889982,1.0
0.5025101568213626,0.1526226740470108,0.0
0.3805173646084652,-0.2399504959859311,1.0
0.4006868490473837,0.12471490272118654,0.0
0.6668450908658236,-0.1364567170114367,1.0
0.4141604129375325,-0.3770573440326758,1.0
1.7905119516355619,-0.14544615372327266,1.0
-0.23389800864633525,0.029674816067205134,0.0
0.45494307411873597,-0.21001991941618284,1.0
0.28708421195139644,-0.23712061362404682,1.0
-0.7708617132562141,-0.09750194730393981,0.0
0.20809390972946146,0.01790467065959328,1.0
0.8363114785570609,0.12052187630200192,1.0
1.1486317833001634,0.041225287586386,1.0
0.3906996354081455,-0.21854937718497372,1.0
0.4629089558898108,-0.027824678648245706,0.0
1.1606727958913265,-0.2935973326226167,1.0
0.09067979071501314,-0.1644468323516682,1.0
0.4249705498504254,0.412213135264087,0.0
1.164994948052741,0.17600348096532925,1.0
-0.41133020253349273,0.01512592846339159,0.0
0.3987144685173502,0.06687043981434879,0.0
0.9596920368438366,0.27743845431356207,1.0
0.275147910055197,-0.033620910981386073,0.0
0.7865047073883065,-0.4467064030237483,1.0
0.8047828878627405,-0.6201526275282818,1.0
0.4720017023970686,-0.12212831841901257,1.0
0.3050123358328566,-0.24781283499521956,1.0
0.8043180496613678,0.17650513914356447,1.0
0.5233428842817182,0.7054474148914224,0.0
0.3721574408409408,0.3839890379945734,0.0
0.6149436563669342,-0.5531373043162349,1.0
-0.1354953671158332,-0.22638479831646918,1.0
0.9387493809202971,0.017590015433240846,1.0
1.3223940805779493,0.016861378174996916,1.0
0.05362015839114964,-0.1609674022046949,0.0
0.32694039038763323,-0.1841745235169625,1.0
0.12177339603179704,0.3555338384685188,0.0
-0.034455749329170726,0.09580705626775257,0.0
0.3867250681368341,0.5734219707320825,0.0
0.9011811138610405,-0.21361683165945272,1.0
1.2411809221485326,-0.37232912282635156,1.0
0.8886265568794998,0.2192381714069923,1.0
0.2849120238867012,0.1437044965341744,0.0
0.4626556252694098,0.14986602345128477,0.0
-0.13176485088030976,0.28263837516851303,0.0
0.5391104460489167,-0.23075925594947438,1.0
0.6530858020409865,-0.13534215688274834,1.0
-0.5860139946479488,-0.6106742734993864,1.0
1.4300898693996966,-0.06968777937051418,1.0
-0.1481729567179091,0.06338218998581212,1.0
0.2891891932951362,-0.148836968504399,1.0
0.9097110860601432,0.12463343089686074,1.0
1.0746023780573897,0.6023348081203597,1.0
0.9449233533938864,-0.1118619688793574,1.0
1.2586125936155983,-0.2019311749789774,1.0
0.30119074282564273,0.15214068566778924,0.0
0.5250215381985986,-0.22990831877001588,1.0
-0.2404096113126255,0.3879812677571583,0.0
-0.022554283219660576,0.15797211970763037,0.0
0.7781463573287011,-0.2924495420046745,1.0
0.8135969779650071,-0.6647491881425072,1.0
-0.36023881242291866,0.0023636086079738645,0.0
0.6241185649403715,0.014361462358414366,0.0
0.6860560767964641,0.08616519316038658,1.0
0.06440770664209311,0.16979378600437597,0.0
0.1513219779791357,-0.058706098471920654,0.0
0.7697243023983513,0.2848618235294856,1.0
1.0808572236796907,-0.4215721124783331,1.0
1.1355056762785052,0.13304031849885417,1.0
0.3728754794056511,-0.45709497105043634,1.0
0.9611549079499457,0.395018417261831,1.0
0.4670201163082148,-0.5498065292026342,1.0
0.8861378469298143,0.0994546692348727,1.0
0.3183641817008897,-0.16369616933248043,1.0
0.09386855421737145,-0.03619996377599837,0.0
1.031938638525879,0.22014034711944333,1.0
1.0939115123446854,0.1345585557752696,1.0
0.334042226600275,0.3656305896956813,0.0
0.7867056552734928,0.33041710559972653,1.0
1.0258358084847576,0.4453590560086059,1.0
0.4941402842093219,0.4077169181256754,0.0
0.6384411050431258,-0.5098983254082049,1.0
0.33726200619718694,-0.18685382768596873,1.0
0.6964044659844972,0.26744559985423333,1.0
0.6624292313352883,-0.2606592139952092,1.0
1.2792685896594116,-0.05099836464765065,1.0
0.778078562412116,0.4456471077464779,0.0
0.8934453637138928,-0.11360479477833536,1.0
1.055329926681414,0.19551031997089388,1.0
0.404563305428877,-0.3288136977270167,1.0
0.6226701538166027,-0.7277240687330805,1.0
0.7327943874670755,0.6367307176367523,0.0
0.48543631228998674,0.27946048640557536,0.0
0.6698388768282941,-0.0718363780930118,1.0
0.8984753565751271,0.3441882421662218,1.0
0.47595206460091166,-0.21727902833510754,1.0
0.8770260145729016,0.050437067950960146,1.0
0.6051216392972855,-0.3797892821213299,1.0
0.6848890806349094,0.4160287093932452,0.0
0.8757203803682296,0.11263557311791872,1.0
0.467416001093056,-0.06280277944148661,1.0
0.19368276694554792,-0.10043162739204294,0.0
1.0850977488349245,-0.5835463784850575,1.0
0.7865357010185973,0.42275230179148177,1.0
0.8177185523130837,-0.08487423032184137,1.0
1.3535191096998842,-0.35632894670111176,1.0
0.4236285287948993,0.1846576869951286,0.0
0.8491416718851956,0.5679382053571777,0.0
-0.69848241878038,0.078897483172052,0.0
-0.3090393137300823,0.3744310792696973,0.0
1.0330089600224426,0.8420908644302758,1.0
1.1858838701241654,0.03256012054654476,1.0
0.5086861985812564,-0.2579049098996695,1.0
0.4372741278969926,0.2413209760634898,0.0
-0.9958600914544866,0.28584307715094376,0.0
-0.29849294886128397,-0.20068451821174002,1.0
0.6218698303146282,0.07444716961393641,0.0
-0.27147756767399045,-0.3127772143925373,1.0
1.1566131565359634,0.06630306044654725,1.0
0.7887207335807669,-0.8269375827548645,1.0
0.4649530666831811,0.04201091724175297,1.0
0.4263880034225269,0.06444952909227315,0.0
0.6155604202791688,0.11580514194329869,0.0
0.44495979231876903,-0.1592509709612695,1.0
0.4246985140499155,-0.12666401568678606,1.0
0.012362950324678879,0.3232992332661757,0.0
-0.21476585835817896,0.02976568735256649,0.0
0.6481690641974475,-0.26791717496332024,1.0
-0.255274125768322,-0.12203858493231075,0.0
0.7742306837645965,0.034093389149384146,1.0
0.5656324049017168,0.24916463699378777,0.0
0.974006044560128,-0.3104841277457476,1.0
0.860875662714924,-0.13034944383965794,1.0
1.1367765200293296,-0.12273720713898148,1.0
0.804217156926742,-0.13798277005744822,1.0
1.679261697070152,-0.3493752857738376,1.0
0.7839153050769232,0.5328576678591881,0.0
0.6757711342439674,0.19084368255521392,1.0
0.5826677928783114,0.16325925097393065,0.0
1.7064851576801898,0.4704159576043132,1.0
0.47857265582905834,0.10942711302636574,0.0
0.24276580141099036,0.3858653554520217,0.0
0.4451045214720328,-0.22821301336955813,1.0
-0.05027659778492022,0.009650679064340464,0.0
0.5569702358117525,0.37770814061312047,0.0
0.38236309124799905,-0.08974002906181287,1.0
0.06319779602339076,0.33265152347941607,0.0
1.2860465275587387,0.4095602673867834,1.0
0.13658962817687448,0.3959250530776934,0.0
0.47788543327046923,0.10117775249243809,0.0
0.9879991963335383,-0.6343770299799394,1.0
-0.031642416270612705,-0.29980660089037453,1.0
0.5945810200709022,0.4066559770650461,0.0
0.8822895847616354,-0.10782408300739181,1.0
1.011729171994513,0.020468586403291023,1.0
-0.061362940447658554,-0.5600282747290981,1.0
1.091779572335475,0.24409064056600355,1.0
0.6237360541184196,0.01937121378240329,1.0
1.51364347663923,-0.3032552836510461,1.0
0.45434712194091753,0.22563356249110073,0.0
1.2088340906086628,0.34978166602063143,1.0
0.45388811074737967,-0.34948262104784056,1.0
-0.2583331225992883,0.025803130929148054,0.0
0.3549777087790401,0.08195713704433608,0.0
0.7694282464428486,-0.027574560859381005,1.0
0.017537793427468307,0.3547269933921879,0.0
0.493140093855258,-0.5267829346278141,1.0
0.22700456923758017,0.12825548573250337,0.0
-0.09382602799026729,0.03434446094215815,0.0
0.6329771435318036,-0.27552844959941286,1.0
0.09229894283630652,-0.09618146878224342,1.0
0.21478184326233185,-0.19945259421291703,1.0
0.25410853501387703,0.20316676714512025,0.0
0.8936459408467572,0.05706447780813034,1.0
0.2617183700373499,0.19104822142938457,0.0
0.7683017739487537,-0.48280593599514343,1.0
1.012937638232639,0.2842846740048184,1.0
0.742966668230747,-0.21613777282620586,1.0
-0.5755923010055881,0.38476018639264836,0.0
0.3659001750935891,-0.2944976891093628,1.0
0.43229718097513425,0.2830376105786924,0.0
0.8581477597219107,-0.02916116047620545,1.0
0.9431216551073902,0.2285512242125272,1.0
0.4503835320937472,-0.5005352185596927,1.0
0.6805857385091829,0.9234251908788422,0.0
-0.05566650655534744,0.11907053540702839,0.0
1.3461713714979018,-0.12994624312192868,1.0
0.369241885034723,0.1821697689905675,0.0
0.8211737212829862,-0.17092186895005199,1.0
-0.07439079971316476,0.09474881551388548,0.0
0.24650002072540989,0.17238627301577772,0.0
0.8465511257163053,0.19678834174463014,1.0
0.3093500136502183,-0.27898118173117403,1.0
0.6156438737784531,-0.006206933489554618,1.0
-0.1279105548015591,0.09963172156343063,0.0
1.2516259357652761,0.16285210184872398,1.0
0.3127649761063275,0.2093013469067537,0.0
0.8756360776459986,-0.19348781119000177,1.0
0.03377626233310099,-0.1227061541272727,1.0
0.01918755021447527,-0.22763681272710135,1.0
0.9943133077803665,-0.5648898993106395,1.0
0.7148719061645683,-0.3258384762438609,1.0
0.9038356140145818,0.21053889961304353,1.0
0.9194060444232013,0.16059858065158736,1.0
-0.7991009029303604,-0.17964465122086906,0.0
0.03239391477363779,0.6269473584357165,0.0
-0.3073628701371608,-0.3259439400545974,1.0
0.9054602776242807,0.31213719456847355,1.0
1.0515731611049492,0.014695388723021643,1.0
0.6452604780893313,0.3963937594264036,0.0
-0.23942824631458792,-0.08669784777747919,1.0
-0.016953195639851315,-0.0705788290056773,0.0
0.3408959099189729,0.0005902863543920712,1.0
1.055739173124572,-0.4513331724053651,1.0
-0.022374156991882943,0.1723622489336729,0.0
-0.0746475845378407,0.6465536687724,0.0
-0.13100212631624863,0.0933916315713738,1.0
-0.6900492488007561,-0.2164799958665523,0.0
0.32343886400452865,0.3956140108464308,0.0
1.1780716614508155,-0.07462164002696585,1.0
0.6866294059796962,-0.024002364731879257,1.0
0.7209841546705069,0.06673356253803167,1.0
0.6159629328223947,-0.28425953177769187,1.0
-0.3943295893135186,0.3054095282175797,0.0
1.1274634113531146,0.23409661993581687,1.0
0.8146950074955641,-0.03604642544495997,1.0
0.44374582915262456,0.255502038129113,0.0
0.3510331494190789,0.15447818743261515,0.0
-0.003611515771367646,0.21402797732859966,0.0
0.8818955046924681,-0.36824453435965204,1.0
0.47527772171231464,-0.34194172193388933,1.0
0.6903243514693351,-0.23759049070720756,1.0
0.5671743077659938,0.1930066578105172,0.0
0.38015926145861234,-0.1418515322595239,0.0
0.9161666732685938,0.32960198611872416,1.0
0.7664868283045995,-0.0877360734008949,1.0
0.4096732925912435,0.1039188508077273,0.0
0.24197882675477778,-0.20739583352469035,1.0
0.2627535649445354,-0.084099411953484,0.0
-0.5060708230128332,-0.20660288786049266,0.0
0.5069455486764768,-0.3508037948733694,1.0
0.04744252140653693,0.06717372894569826,0.0
0.11799602839981616,0.0725129406630425,0.0
0.6793987196417326,0.17081942438515058,1.0
1.8917076902311833,-0.20128255141910534,1.0
0.5239884284147396,0.16125643052513844,0.0
-0.014404918962711899,-0.07809737597198156,1.0
0.770158313872744,0.5012966931428968,0.0
0.7496380673103125,0.7034403679620836,0.0
1.0733974863977958,-0.6705748650246686,1.0
0.4194567302640662,-0.14338631993777748,1.0
-0.242438166098649,0.008483814622908,0.0
0.7884003638586905,0.10723427523790316,1.0
0.3454365503121737,-0.013570662445596082,0.0
0.2252026638933512,0.07478711142548401,0.0
1.4550133515013097,0.01377204960888582,1.0
0.9089611461884552,-0.28435219218141344,1.0
0.7695460087484554,0.27381301596369995,1.0
1.10970126477004,0.23587236092370892,1.0
0.7650248556801273,-0.31636706482830435,1.0
0.7844492859249824,-0.2764101540211937,1.0
0.8903301214890005,0.024016109821573355,1.0
0.8734982626151023,-0.04068589962446715,1.0
0.7529110846684365,-0.5747197843170112,1.0
0.42316790786658526,-0.0233517896683948,1.0
0.762821033810353,-0.3515931899378381,1.0
0.4469080479002636,0.23252783262973337,0.0
1.0467067504003236,-0.14194678242660663,1.0
0.7843448246482028,-0.07046390055584914,1.0
1.1626433326314176,-0.2695153637179498,1.0
0.17232282431744073,-0.07326771997730579,0.0
0.5318166243105251,0.2379089268333593,0.0
0.11762405646668389,0.12162697866161484,0.0
1.7226136162797638,0.12255119069488064,1.0
0.11346350876047123,0.05338608953697251,0.0
0.8828040854686945,-0.26249041178497473,1.0
0.614801933956917,0.16400885227066678,0.0
0.741336270094519,-0.5643253299197568,1.0
-0.1872040018374479,-0.09526254189416393,1.0
0.19308950416714432,0.06934868659212913,0.0
1.1741271058326064,-0.23814845911621121,1.0
0.8700908575076886,-0.2804930409169521,1.0
0.5294165465656862,0.36279305711411586,0.0
1.1044805546443577,-0.5757997716419387,1.0
0.530275855920875,-0.09722822477598536,1.0
0.32905814526402066,0.14643183065887772,0.0
0.5272230271581085,0.0028933180350965058,0.0
0.7801744384259919,-0.12972482581262923,1.0
0.3323380714741513,-0.28585848924993645,1.0
0.33657608934949856,-0.018796541229160062,0.0
0.8061619153096368,0.1524561637023924,1.0
0.32068633897343146,0.2266519372134213,0.0
0.9681479593525926,0.17118934701231428,1.0
1.1384644853856027,-0.24392190157957355,1.0
-0.03185876250767561,-0.3261632336224647,1.0
-0.07051703214851579,-0.015687811450797326,0.0
-0.12343189906053631,-0.01130695042972167,0.0
0.005427293346109585,-0.3650481956449744,1.0
0.7652910449626827,0.3598767405375565,0.0
0.5978398017656942,0.3021739918189212,0.0
1.0598414591284049,-0.22657247492883906,1.0
0.3027655869938282,0.1805710250140532,0.0
0.9046473144841858,-0.40104659144138094,1.0
0.7745025674556696,-0.042605144247225855,1.0
0.793906877308608,-0.2555767759971305,1.0
0.8470896382684332,-0.40295660510942605,1.0
0.7141833508751152,0.07713315911376918,1.0
-0.33239620207962806,0.04299506421747217,0.0
0.39494712108031654,-0.00248556565067043,0.0
0.31249940292581757,0.34627797440568303,0.0
0.35490501237715577,-0.09493851034759163,0.0
1.0033327107378427,0.8516273581955206,1.0
0.13881888935917497,-0.2385898891819936,1.0
0.09947879221338618,-0.5447519222433228,1.0
0.370763419182102,0.328188429085617,0.0
0.8444591739766212,0.056094909634173414,1.0
0.08045578178632823,0.07692638121852473,0.0
0.926347337727249,0.40142144950874636,1.0
1.1068858565678457,-0.2631267080530676,1.0
0.39277155888052145,-0.10697447192199233,1.0
1.5609800433736072,0.26754432557005037,1.0
0.6826742250236737,0.024901970233275828,1.0
-0.4711923738396939,0.05307401162402725,0.0
0.8936208150493081,-0.3583115086234146,1.0
1.0358878763258537,-0.04674390826719791,1.0
0.8628858570425719,0.013341583573567123,1.0
0.047493099694190966,-0.613827870129808,1.0
0.8492199816227188,-0.4742919281873119,1.0
0.6826777284402661,-0.10999240900285046,1.0
0.19108551486293485,0.11157502783644452,0.0
0.6662760299647554,0.15050887425972606,1.0
0.4123324427023683,0.007456041135479861,0.0
0.31251598974747713,0.3096802863532731,0.0
1.2659578817455066,0.3008979054231227,1.0
0.6546923159616385,0.33463281230380126,0.0
0.9557651826634492,0.1866724582278264,1.0
0.44473996768175583,0.44816580888812796,0.0
0.4920944491815485,-0.1204587478170595,1.0
0.4637809296313209,-0.17988047507853622,1.0
0.6656366128679124,-0.02172242224433088,1.0
0.7071582267166978,0.1343839345575947,1.0
-0.43498793363740684,-0.43640335728724183,1.0
-0.7295360780038003,0.27544434617991953,0.0
0.6667207999162317,0.03820181484112209,1.0
0.6179611330902305,0.2642039798074962,0.0
-0.1619297252233165,-0.2857658733318759,1.0
-0.5768167241136879,-0.35035547528738653,1.0
0.6910467514011047,0.3063731045487422,0.0
0.02923787920090304,0.11493546419156353,0.0
0.23261561541408032,0.4361174100470734,0.0
0.32507598556848405,-0.02263370227596734,0.0
0.6896554467477927,0.2642876216920395,0.0
0.11208772859698662,-0.591591810582909,1.0
1.6193819129137002,-0.6246611237350459,1.0
-0.39130729953085475,0.056192572489296704,0.0
0.6771474643043813,0.335792081776174,0.0
0.30146282786852174,-0.2709175846578247,1.0
1.4032250571471965,-0.4085387657791458,1.0
-0.03676455744624052,0.14860422483788868,0.0
0.329448466262757,-0.2530076944775335,1.0
0.1918441959325286,-0.2786124071196372,1.0
0.9067325178937597,-0.28330425399686593,1.0
0.6401860811793884,0.07661852687127237,0.0
0.8972118178824144,0.18351888110843603,1.0
0.5564841305356445,-0.44965716625819663,1.0
0.3980130484305153,-0.10647921945158788,1.0
1.1857143237051653,-0.1441635925111256,1.0
-0.3387472586682504,-0.2123884829962912,0.0
0.8605959767969249,0.29049678252969896,1.0
0.3832364895912779,-0.0479819425831772,0.0
0.6824399175931806,0.3142531490032836,0.0
0.4927036699839973,-0.2837715134965253,1.0
1.181878355486627,-0.19239582007696052,1.0
-0.3303643013604459,0.379664715207672,0.0
0.36339980882637907,0.13946722250297164,0.0
0.14595419628125278,0.20596331458709846,0.0
0.8218217767616931,0.2016751550492044,1.0
0.660779861879865,0.5448710663336273,0.0
0.7738788799855354,-0.01959016183330868,1.0
0.8345285584937787,-0.5135680630722831,1.0
0.5698274460420947,0.04466392617286043,1.0
0.4406827575180223,0.09503084011233529,0.0
0.8007674640120643,0.2994391226037105,1.0
0.38125671114179366,0.011334031890150668,0.0
1.1359872340732802,0.4445417898139184,1.0
-0.29296466955835965,-0.5564511927379139,1.0
0.033960822120528755,0.21524534331901168,0.0
0.7660970390384073,0.0026061806457339225,1.0
-0.0522738404072447,-0.05240889928478638,1.0
1.2210913618334662,0.012268088363539093,1.0
0.5285497634464057,0.08559527341502172,0.0
0.1996685816357054,-0.5434567598068465,1.0
0.37487154089369734,0.14744895889726792,0.0
0.7730684554574134,-0.02410873981954931,1.0
0.003204886814331842,-0.2558081820650105,1.0
-0.03909384092771018,-0.26267930058103117,1.0
0.6387095531816858,0.35261206180434906,0.0
0.5752612816860833,-0.853785998441297,1.0
-0.7360613289607247,-0.3444299478885004,0.0
0.9037396879763202,-0.6943966104193119,1.0
0.5556975778990871,0.058897622072007286,0.0
0.23398521352886897,-0.21099819165733447,1.0
0.2959259319639526,-0.01977703269357638,1.0
1.147663986285489,0.08289485423598293,1.0
-0.23795796742705178,0.47784229338153983,0.0
0.3388016137390533,-0.2923788065688339,1.0
0.1124290371346301,0.07374576343692259,0.0
0.9409132232081503,0.30900555804674573,1.0
0.15557101967543235,-0.16607700752002155,0.0
0.3306520597926795,0.18456010123621167,0.0
0.48210281881688033,-0.4808840898356765,1.0
-0.07925667517211976,0.010202323785807167,0.0
-0.6004473252284277,0.48298638090482926,0.0
-0.4546114806802999,0.24354200635735557,0.0
0.7509003723537764,-0.14226584221165248,1.0
0.3517357928978792,0.2075903888323232,1.0
0.11234143015131487,-0.7663407913934772,1.0
-0.16249266484892377,-0.18153771801344423,1.0
-0.2538549094097824,-0.3744609297547534,1.0
0.6896225609943987,0.015997209947376835,1.0
0.13376511516183354,0.11437280744931548,0.0
0.09462627162428278,0.18731124495834017,0.0
